"","x"
"1","Elaina"
"2","Deedee"
"3","Aaliyah"
"4","Kathey"
"5","Antonetta"
"6","Freida"
"7","Sofia"
"8","Pinkey"
"9","Evelin"
"10","Rillie"
"11","Icie"
"12","Sydnee"
"13","Sabrina"
"14","Lia"
"15","Fidelia"
"16","Toccara"
"17","Alyssia"
"18","Lilyan"
"19","Anitra"
"20","Nanette"
"21","Amira"
"22","Sharde"
"23","Madalynn"
"24","Kalene"
"25","Keely"
"26","Clyda"
"27","Maricela"
"28","Aria"
"29","Margene"
"30","Dara"
"31","Cadence"
"32","Arminta"
"33","Karlene"
"34","Cressie"
"35","Tea"
"36","Merrilee"
"37","Meggan"
"38","Sharman"
"39","Erlene"
"40","Elda"
"41","Santina"
"42","Emeline"
"43","Nichole"
"44","Alison"
"45","Jaleesa"
"46","Darleen"
"47","Leaner"
"48","Shawnna"
"49","Sheri"
"50","Corrina"
"51","Wilhelmine"
"52","Christa"
"53","Meaghan"
"54","Ellyn"
"55","Kassidy"
"56","Rona"
"57","Roseanna"
"58","Delsie"
"59","Thomasina"
"60","Myranda"
"61","Nathalie"
"62","Darcie"
"63","Eda"
"64","Lavenia"
"65","Akeelah"
"66","Birtha"
"67","Tawny"
"68","Taryn"
"69","Vannie"
"70","Colleen"
"71","Theola"
"72","Lise"
"73","Mandi"
"74","Aubree"
"75","Juliann"
"76","Kylene"
"77","Elizbeth"
"78","Shiloh"
"79","Ruthanne"
"80","Merlene"
"81","Manila"
"82","Annalise"
"83","Malvina"
"84","Kenna"
"85","Mylee"
"86","Jerusha"
"87","Inell"
"88","Vernelle"
"89","Lurline"
"90","Delois"
"91","Katrina"
"92","Aleena"
"93","Delinda"
"94","Zella"
"95","Tami"
"96","Allisson"
"97","Ayana"
"98","Cicely"
"99","Mena"
"100","Thresa"
"101","Christen"
"102","Sybil"
"103","Osa"
"104","Luvenia"
"105","Celesta"
"106","Loyce"
"107","Anika"
"108","Sharonda"
"109","Coral"
"110","Catharine"
"111","Danae"
"112","Nealie"
"113","Deja"
"114","Alexandra"
"115","Charla"
"116","Leandra"
"117","Mazie"
"118","Desiree"
"119","Venus"
"120","Vergie"
"121","Kelsie"
"122","Jacalyn"
"123","Sydell"
"124","Littie"
"125","Ema"
"126","Giselle"
"127","Gilda"
"128","Marva"
"129","Vanessa"
"130","Beverley"
"131","Beyonce"
"132","Doshie"
"133","Danna"
"134","Missie"
"135","Elodie"
"136","Sherilyn"
"137","Nannie"
"138","Syreeta"
"139","Ashlyn"
"140","Dayanara"
"141","Nia"
"142","Elisa"
"143","Carolynn"
"144","Dimple"
"145","Louetta"
"146","Phylicia"
"147","Makayla"
"148","Lilian"
"149","Keila"
"150","Maritza"
"151","Joycelyn"
"152","Rachelle"
"153","Geri"
"154","Mercedes"
"155","Dianne"
"156","Star"
"157","Daisie"
"158","Lyndia"
"159","Heaven"
"160","Thekla"
"161","Emmaline"
"162","Kylee"
"163","Madge"
"164","Christine"
"165","Shannen"
"166","Hannah"
"167","Shanequa"
"168","Lizbeth"
"169","Katheryn"
"170","Karissa"
"171","Lorelai"
"172","Vela"
"173","Thyra"
"174","Britny"
"175","Tishie"
"176","Mira"
"177","Blanch"
"178","Vira"
"179","Jaimee"
"180","Kira"
"181","Etter"
"182","Lucie"
"183","Scarlet"
"184","Willow"
"185","Tanesha"
"186","Sharla"
"187","Zaida"
"188","Mollie"
"189","Kazuko"
"190","Angelita"
"191","Lexus"
"192","Nan"
"193","Cuba"
"194","Tammi"
"195","Noemi"
"196","Cinthia"
"197","Flavia"
"198","Erlinda"
"199","Shira"
"200","Versa"
"201","Theresa"
"202","Anne"
"203","Marge"
"204","Mossie"
"205","Odalis"
"206","Dannielle"
"207","Janiah"
"208","Ruthe"
"209","Tanya"
"210","Sharday"
"211","Audriana"
"212","Reba"
"213","Kinley"
"214","Marquita"
"215","Manerva"
"216","Olinda"
"217","Tiffanie"
"218","Bryanna"
"219","Minerva"
"220","Tessa"
"221","Cindi"
"222","Ilene"
"223","Claudette"
"224","Shelva"
"225","Krystal"
"226","Bettylou"
"227","Mabelle"
"228","Christel"
"229","Amalie"
"230","Mendy"
"231","Blanca"
"232","Ciara"
"233","Lorine"
"234","Etta"
"235","Karolyn"
"236","Maryam"
"237","Briana"
"238","Clotilde"
"239","Berdie"
"240","Alissa"
"241","Griselda"
"242","Yessenia"
"243","Lethia"
"244","Maybell"
"245","Sada"
"246","Amiyah"
"247","Latesha"
"248","Annamae"
"249","Ivah"
"250","Florida"
"251","Shawna"
"252","Exie"
"253","Sherita"
"254","Shayla"
"255","Kristi"
"256","Annika"
"257","Felicie"
"258","Kristal"
"259","Stefanie"
"260","Jena"
"261","Corie"
"262","Stefani"
"263","Lota"
"264","Barbie"
"265","Kenia"
"266","Dovie"
"267","Vickey"
"268","Tarah"
"269","Marti"
"270","Shaniya"
"271","Brinda"
"272","Audrianna"
"273","Shani"
"274","Yuliana"
"275","Elle"
"276","Lissie"
"277","Makaila"
"278","Venie"
"279","Shelvia"
"280","Jazmin"
"281","Jaclyn"
"282","Maureen"
"283","Sommer"
"284","Clarine"
"285","Ethelene"
"286","Nelie"
"287","Annis"
"288","Lucero"
"289","Kacy"
"290","Camisha"
"291","Carley"
"292","Rosey"
"293","Talia"
"294","Jordin"
"295","Brea"
"296","Contina"
"297","Taina"
"298","Richelle"
"299","Halle"
"300","Kaylen"
"301","Latrice"
"302","Carlyn"
"303","Brittnie"
"304","Lillianna"
"305","Barb"
"306","Alexus"
"307","Rosalee"
"308","Jana"
"309","Mariyah"
"310","Delina"
"311","Reina"
"312","Etna"
"313","Janis"
"314","Leah"
"315","Romona"
"316","Brittny"
"317","Eleanora"
"318","Hildred"
"319","Kaylyn"
"320","Marci"
"321","Tyra"
"322","Denine"
"323","Daisye"
"324","Siena"
"325","Elaine"
"326","Charlotta"
"327","Tashina"
"328","Annice"
"329","Adaline"
"330","Wanda"
"331","Marianita"
"332","Jayda"
"333","Rowena"
"334","Marolyn"
"335","Cecilia"
"336","Rella"
"337","Dasia"
"338","Citlali"
"339","Dellie"
"340","Netta"
"341","Jenni"
"342","Windy"
"343","Keira"
"344","Sonja"
"345","Ophelia"
"346","Yuridia"
"347","Chrissy"
"348","Jonna"
"349","Gerri"
"350","Argie"
"351","Imelda"
"352","Kyleigh"
"353","Lorelei"
"354","Claudia"
"355","Francine"
"356","Columbia"
"357","Cheryle"
"358","Macy"
"359","Mignon"
"360","Kristine"
"361","Jazmyn"
"362","Karol"
"363","Violet"
"364","Gertie"
"365","Madeleine"
"366","Gemma"
"367","Lyndsey"
"368","Allena"
"369","Thalia"
"370","Phylis"
"371","Ines"
"372","Dortha"
"373","Starr"
"374","Mavis"
"375","Kiarra"
"376","Scarlett"
"377","Georgeann"
"378","Lily"
"379","Rosamond"
"380","Celie"
"381","Pauletta"
"382","Octa"
"383","Idella"
"384","Brooklyn"
"385","Laken"
"386","Queen"
"387","Latosha"
"388","Tessie"
"389","Marsha"
"390","Alexa"
"391","Caldonia"
"392","Danyelle"
"393","Eudora"
"394","Annmarie"
"395","Milly"
"396","Palma"
"397","Jailene"
"398","Tonja"
"399","Nana"
"400","Camilla"
"401","Estie"
"402","Kendra"
"403","Clevie"
"404","Jaycee"
"405","Corrie"
"406","Jaqueline"
"407","Rosie"
"408","Aiyana"
"409","Nanna"
"410","Neoma"
"411","Tamra"
"412","Piper"
"413","Amparo"
"414","Dagmar"
"415","Euphemia"
"416","Jaslyn"
"417","Justina"
"418","Albertina"
"419","Mariah"
"420","Lissa"
"421","Shalonda"
"422","Paityn"
"423","Kori"
"424","Londyn"
"425","Marlee"
"426","Litzy"
"427","Marin"
"428","Nylah"
"429","Jaeda"
"430","Loris"
"431","Lalla"
"432","Onie"
"433","Jannie"
"434","Britni"
"435","Velvet"
"436","Ronna"
"437","Delaney"
"438","Patty"
"439","Sophia"
"440","Karla"
"441","Nikia"
"442","Ilo"
"443","Amara"
"444","Gia"
"445","Bena"
"446","Ieshia"
"447","Dorthy"
"448","Shelba"
"449","Elberta"
"450","Camila"
"451","Leslee"
"452","Mafalda"
"453","Belle"
"454","Oliva"
"455","Shasta"
"456","Francisqui"
"457","Marguerite"
"458","Kesha"
"459","Sylvia"
"460","Wilhelmina"
"461","Marcia"
"462","Hasel"
"463","Minervia"
"464","Valencia"
"465","Adella"
"466","Christene"
"467","Karri"
"468","Kaliyah"
"469","Karan"
"470","Cassondra"
"471","Nicki"
"472","Myrta"
"473","Louanna"
"474","Cherilyn"
"475","Trudi"
"476","Chanda"
"477","Angie"
"478","Kanisha"
"479","Xiomara"
"480","Nicola"
"481","Dillie"
"482","Jesenia"
"483","Amina"
"484","Stella"
"485","Pamala"
"486","Ima"
"487","Christi"
"488","Elenor"
"489","Crete"
"490","Jacki"
"491","Tari"
"492","Linnea"
"493","Lillia"
"494","Tatianna"
"495","Shardae"
"496","Dosia"
"497","Cathy"
"498","Elayne"
"499","Emely"
"500","Porsha"
"501","Katie"
"502","Lakesha"
"503","Ivie"
"504","Tennille"
"505","Lita"
"506","Mitzi"
"507","Anjelica"
"508","Georgine"
"509","Erline"
"510","Carry"
"511","Edla"
"512","Latonia"
"513","Kailey"
"514","Litha"
"515","Alexandr"
"516","Cathrine"
"517","Monnie"
"518","Zora"
"519","Thursa"
"520","Aili"
"521","Clella"
"522","Ainsley"
"523","Ericka"
"524","Lurena"
"525","Janey"
"526","Macel"
"527","Neola"
"528","Kirstie"
"529","Shaquita"
"530","Catalina"
"531","Megan"
"532","Joelle"
"533","Tonda"
"534","Marinda"
"535","Eve"
"536","Maya"
"537","Dorathea"
"538","Arie"
"539","Siddie"
"540","Felice"
"541","Prudie"
"542","Jacque"
"543","Breann"
"544","Vena"
"545","Blanchie"
"546","Cali"
"547","Ruthie"
"548","Caryl"
"549","Ala"
"550","Lilia"
"551","Nathalia"
"552","Mona"
"553","Leonia"
"554","Mylie"
"555","Minna"
"556","Sarai"
"557","Kristan"
"558","Catrina"
"559","Merna"
"560","Cordella"
"561","Cornelia"
"562","Ethyle"
"563","Kristie"
"564","Mallory"
"565","Joanne"
"566","Maranda"
"567","Stormy"
"568","Genoveva"
"569","Maura"
"570","Katerina"
"571","Gwendolyn"
"572","Zaniyah"
"573","Marvel"
"574","Dominga"
"575","Flor"
"576","Marybelle"
"577","Jayla"
"578","Clarisa"
"579","Heidy"
"580","Angeline"
"581","Madaline"
"582","Althea"
"583","Roxanne"
"584","Tilda"
"585","Arvilla"
"586","Carma"
"587","Francina"
"588","Lauryn"
"589","Lu"
"590","Chasity"
"591","Gerda"
"592","Minda"
"593","Bobbye"
"594","Asia"
"595","Georgina"
"596","Bama"
"597","Ramona"
"598","Medora"
"599","Danyel"
"600","Joetta"
"601","Alwine"
"602","Chaya"
"603","Jazmyne"
"604","Drucilla"
"605","Jolene"
"606","Eloise"
"607","Shanell"
"608","Venice"
"609","Gennie"
"610","Verona"
"611","Margueritta"
"612","Rashida"
"613","Odalys"
"614","Denese"
"615","Noelia"
"616","Nadia"
"617","Beatrix"
"618","Jeanetta"
"619","Lovina"
"620","Veta"
"621","Gillie"
"622","Myrtice"
"623","Fleeta"
"624","Carolyne"
"625","Roslyn"
"626","Brittni"
"627","Margarite"
"628","Bryn"
"629","Mara"
"630","Kathrine"
"631","Ariana"
"632","Elois"
"633","Dwan"
"634","Elena"
"635","Magdalena"
"636","Shana"
"637","Sharita"
"638","Angelique"
"639","Imo"
"640","Corinne"
"641","Yamilet"
"642","Yaritza"
"643","Lilah"
"644","Jacquelynn"
"645","Luna"
"646","Dulce"
"647","Karlie"
"648","Kaya"
"649","Sanjuana"
"650","Bethzy"
"651","Edythe"
"652","Crysta"
"653","Adalynn"
"654","Maribeth"
"655","Marcy"
"656","Rafaela"
"657","Emily"
"658","Daniella"
"659","Janay"
"660","Mellissa"
"661","Vida"
"662","Payten"
"663","Joye"
"664","Chelsie"
"665","Lissette"
"666","Glinda"
"667","Doshia"
"668","Manuelita"
"669","Belinda"
"670","Sannie"
"671","Joanie"
"672","Odessa"
"673","Louella"
"674","Lauretta"
"675","Nanie"
"676","Kitty"
"677","Marjory"
"678","Suzann"
"679","Fawn"
"680","Willodean"
"681","Maryellen"
"682","Melodie"
"683","Bernetta"
"684","Leila"
"685","Carolee"
"686","Nona"
"687","Lona"
"688","Melvina"
"689","Kristy"
"690","Katlin"
"691","Jane"
"692","Kyla"
"693","Cecily"
"694","Carisa"
"695","Marry"
"696","Lesli"
"697","Catina"
"698","Katlyn"
"699","Lorayne"
"700","Tasha"
"701","Golda"
"702","Mable"
"703","Aline"
"704","Jasmin"
"705","Hali"
"706","Lavinia"
"707","Cornie"
"708","Princess"
"709","Armida"
"710","Marcela"
"711","Jazlynn"
"712","Laquita"
"713","Kadence"
"714","Eppie"
"715","Yesenia"
"716","Livia"
"717","Tawnya"
"718","Anahi"
"719","Sanaa"
"720","Maeve"
"721","Lady"
"722","Gisele"
"723","Electa"
"724","Cristina"
"725","Lashanda"
"726","Valerie"
"727","Kortney"
"728","Roselyn"
"729","Maebell"
"730","Kylah"
"731","Mathilda"
"732","Rosena"
"733","Sarita"
"734","Orah"
"735","Miah"
"736","Tarsha"
"737","Norma"
"738","Alcie"
"739","Leone"
"740","Nataly"
"741","Joann"
"742","Gwyneth"
"743","Jillian"
"744","Crissie"
"745","Manda"
"746","Kayley"
"747","Bethany"
"748","Myla"
"749","Tamera"
"750","Ciji"
"751","Avah"
"752","Merilyn"
"753","Mozella"
"754","Carleen"
"755","Tamisha"
"756","Charlsie"
"757","Toni"
"758","Sinda"
"759","Kiyoko"
"760","Nina"
"761","Kimberlee"
"762","Taniyah"
"763","Lempi"
"764","Danica"
"765","Attie"
"766","Arline"
"767","Melisa"
"768","Cathi"
"769","Brianne"
"770","Alyvia"
"771","Dorcas"
"772","Anabel"
"773","Falon"
"774","Sylvania"
"775","Shamika"
"776","Adelaide"
"777","Amya"
"778","Dorthea"
"779","Tamie"
"780","Selah"
"781","Yetta"
"782","Kathy"
"783","Kali"
"784","Alexandria"
"785","Gustie"
"786","Josefa"
"787","Vickie"
"788","Roxie"
"789","Charlee"
"790","Myrtis"
"791","Evelyne"
"792","Susanne"
"793","Dinah"
"794","Ivana"
"795","Cristy"
"796","Echo"
"797","Carole"
"798","Cappie"
"799","Dellar"
"800","Jeryl"
"801","Jennette"
"802","Leonor"
"803","Kaylene"
"804","Chimere"
"805","Leonore"
"806","Freda"
"807","Susanna"
"808","Madilynn"
"809","Alejandra"
"810","Elinore"
"811","Leana"
"812","Sadie"
"813","Anita"
"814","Nyree"
"815","Loraine"
"816","Hayleigh"
"817","Nila"
"818","Roseann"
"819","Stephaine"
"820","Marlen"
"821","Lavelle"
"822","Djuna"
"823","Byrdie"
"824","Trilby"
"825","Greta"
"826","Alyse"
"827","Euna"
"828","Lori"
"829","Ludie"
"830","Francesca"
"831","Laurine"
"832","Misty"
"833","Renata"
"834","Rosina"
"835","Alondra"
"836","Sade"
"837","Madisyn"
"838","Zetta"
"839","Priscila"
"840","Portia"
"841","Dian"
"842","Anastasia"
"843","Kati"
"844","Lakeshia"
"845","Maebelle"
"846","Meta"
"847","Georgetta"
"848","Journey"
"849","Elvina"
"850","Veola"
"851","Malinda"
"852","Darlyne"
"853","Tera"
"854","Fran"
"855","Ladonna"
"856","Nena"
"857","Melodee"
"858","Karren"
"859","Clarissa"
"860","Aracely"
"861","Dulcie"
"862","Ansley"
"863","Silvia"
"864","Lucretia"
"865","Mindy"
"866","Buna"
"867","Maida"
"868","Kayla"
"869","Essence"
"870","Priscilla"
"871","Tula"
"872","Irva"
"873","Krystina"
"874","Shanika"
"875","Sharen"
"876","Rennie"
"877","Dawn"
"878","Jo"
"879","Irena"
"880","Chaney"
"881","Erna"
"882","Tella"
"883","Essa"
"884","Kia"
"885","Retha"
"886","Aleen"
"887","Chynna"
"888","Tawanna"
"889","Sunshine"
"890","Mahalie"
"891","Ethelyn"
"892","Sanai"
"893","Edris"
"894","Liz"
"895","Odette"
"896","Altie"
"897","Oralia"
"898","Hana"
"899","Caleigh"
"900","Gertha"
"901","Macey"
"902","Damaris"
"903","Denise"
"904","Luda"
"905","Birtie"
"906","Miesha"
"907","Starla"
"908","Ura"
"909","Elmire"
"910","Brande"
"911","Jaunita"
"912","Marylin"
"913","Salma"
"914","Minta"
"915","Tania"
"916","Destany"
"917","Melissia"
"918","Velia"
"919","Verda"
"920","Jann"
"921","Melinda"
"922","Aurore"
"923","Queenie"
"924","Jada"
"925","Sara"
"926","Cielo"
"927","Villa"
"928","Bridgette"
"929","Alesha"
"930","Jeanna"
"931","Alyce"
"932","Brittanie"
"933","Chelsey"
"934","Corine"
"935","Francisca"
"936","Sherri"
"937","Jackeline"
"938","Helma"
"939","Alyssa"
"940","Micaela"
"941","Barbra"
"942","Dola"
"943","Bridgett"
"944","Beula"
"945","Janelle"
"946","Latanya"
"947","Cherie"
"948","Ermine"
"949","Caro"
"950","Carlee"
"951","Willia"
"952","Melba"
"953","Arnetta"
"954","Breanna"
"955","Meghan"
"956","Corda"
"957","Etha"
"958","Danelle"
"959","Melonie"
"960","Kaylah"
"961","Annabelle"
"962","Ivette"
"963","Evelina"
"964","Lutie"
"965","Ottilia"
"966","Lina"
"967","Marilynn"
"968","Adrianna"
"969","Cathleen"
"970","Teresa"
"971","Shanae"
"972","Delila"
"973","Tamia"
"974","Tiarra"
"975","Rikki"
"976","Luciana"
"977","Dollie"
"978","Vernita"
"979","Debrah"
"980","Brittnay"
"981","Zita"
"982","Estefania"
"983","Izola"
"984","Serina"
"985","Patience"
"986","Taniya"
"987","Nealy"
"988","Araceli"
"989","Denisha"
"990","Creola"
"991","Pearle"
"992","Rutha"
"993","Rylie"
"994","Julie"
"995","Toshiko"
"996","Terese"
"997","Tatyanna"
"998","Chana"
"999","Bree"
"1000","Rhianna"
